idEven;idUtil;nom;dateEven;duree;description;nbPlaces;prix;statut
1;16;Us Sit Old;2023-05-28;2;Step economy citizen serious. Energy law friend determine base attorney. Pay herself include sell gun hard name.;303;64.28;fini
2;6;Live;2006-03-12;7;Watch simply not strategy second side either. Character state song crime recognize center. Forget easy teach last worry act choose. Election after despite. Section picture level usually the seven again.;312;41.27;fini
3;13;Three Available Movie;2023-05-11;4;Our low drug describe industry do. Those glass work full here six class. Could family get identify possible phone. Thus compare prove.;254;50.38;fini
4;9;Exactly Compare Message Security Carry;2030-04-05;3;Step into look rule high late eat. Wide scientist director.;154;85.08;bientot
5;27;Role Receive;2006-11-05;2;Record season add deep sing pattern own. Address show particularly.;371;98.51;fini
6;10;College Everybody Include Republican We Visit;2009-02-04;5;It send environment list whether. Dinner culture stand middle.;213;36.27;fini
7;20;Rather Record Treatment;2022-06-23;4;Teach as suddenly language. Now good center movement air language. Building matter thing answer task billion. Player analysis dinner expect myself only. Practice eye go all.;471;41.86;fini
8;11;Politics Simply Such Mouth Since On;2019-06-08;7;Everything why recent school lose feel. Development almost require notice hour southern open. Phone power imagine pull style charge in.;259;97.36;fini
9;3;Network Bed Card Environmental Make;2018-08-22;2;Summer if top toward certainly friend. Mouth sister mother create even meet. Believe difference television. Suffer green same. Security first Democrat beautiful activity continue.;61;94.94;fini
10;22;Reality Especially Short Position Owner Stage;2019-12-16;2;Site wall major indicate. Democrat dog animal music surface eat.;350;89.84;fini
11;15;Heart;2024-10-08;1;Major worry smile middle on movie. Say fall listen. Sometimes admit people. Vote anyone agreement head whose. Our public system road opportunity federal.;60;34.97;bientot
12;19;Budget Small Light;2026-01-04;1;Successful left sister direction. Radio experience understand hard sure important picture summer. Stop information himself process today southern under. Exactly offer air no provide believe. Government practice too.;108;78.2;bientot
13;23;History Town Rather Alone;2020-09-15;3;Work time likely again yet of. Hold read job change everything.;76;59.62;fini
14;1;General Wind Level Subject Music;2025-10-09;7;Knowledge president consider threat. Word apply civil prevent much dream. Establish office face why arrive responsibility use.;137;57.51;bientot
15;20;Note Fear Require How Positive;2014-07-10;2;Ahead on on much kid tend fill. Bar buy article. Son tax rich ground newspaper growth difficult. Mind music dream task past lawyer kind.;457;29.95;fini
16;8;Prevent To Position Key;2016-07-13;3;Involve card accept decision war short. That record protect however before bag treat. Throw test practice consider.;255;73.73;fini
17;22;Analysis;2025-09-16;5;Positive grow realize ready. Why how good south agency arm way.;220;72.99;bientot
18;30;Consumer;2009-11-06;2;These instead use eight. View fast figure total information wrong program place. Above source professional. Hundred because effort whom himself camera family range. Race thousand couple article senior.;82;43.66;fini
19;28;Campaign Safe Ball Development Recently;2003-06-16;2;Three book close second surface. Card network Congress water nothing child.;106;37.83;fini
20;19;Anything Need;2003-01-29;6;Western goal stock. Likely so have phone outside put black. Child inside particular cause phone join artist act. Deep wear rule.;120;31.51;fini
21;25;Opportunity Whether Perform Sister Ok;2029-01-26;3;What particular official foreign serious stay sort. Appear cold face. Recognize bring pick some wait.;359;26.6;bientot
22;3;Meet Congress;2011-05-08;4;We position thank just practice still great want. Public draw instead simple. Certainly remain region reality hope. Note husband west tend. High nor of though company.;456;51.8;fini
23;9;Paper Add Begin May;2011-01-25;6;Describe bad various seat pressure team like. Team administration station. Lead establish effort town live. Value view raise candidate form none.;103;43.01;fini
24;2;Good Message Herself;2020-07-21;6;Without away miss sound. Television common go debate.;386;46.15;fini
25;19;Level;2029-10-17;2;Thank knowledge author rich artist drug. Use star every nothing your success yet tree. Whether vote police.;267;21.46;bientot
26;7;Whom Product Order From Interview;2028-07-03;2;Enjoy record father year. Risk far professor them large sound energy senior.;320;26.64;bientot
27;10;State Discussion;2016-01-24;4;Door team produce across traditional. Education audience soldier customer data prepare crime.;470;55.95;fini
28;27;Item Hit Why Light;2004-08-27;3;Some southern only service run would. Campaign because physical heavy write information leg remember. Fly test answer. Inside family sister yard determine do interview.;71;40.34;fini
29;27;Generation Compare May Smile;2016-11-26;7;Land research clear give organization reality provide bar. Suggest travel data food night I kid. Raise care remain.;372;44.92;fini
30;11;Response Heart Task Nor Teacher;2025-01-11;3;Source a away cultural threat plan. Prevent rock question in history. Ground PM impact some same. How everyone ability. Shoulder deep down produce true yeah resource individual.;360;74.56;bientot
31;17;World Network National Ago;2004-02-05;2;Quickly cover evening production executive pass fact sport. Executive safe great current others clear they. Something college eight back eye size yard. Need later current technology wonder show way her.;163;99.67;fini
32;1;Stay Social Particularly;2008-08-02;6;Son condition house ground I arrive. Health station risk wall card during. Full nothing him at.;179;81.13;fini
33;17;Lead During Huge Night;2014-08-23;6;Hear leader both within energy how. Really throughout past situation action capital. A break memory medical.;143;36.75;fini
34;29;Western Team West Thought Service;2015-08-19;7;Here race identify. Bank magazine same expect dark travel. Tax four cup popular team result.;326;42.59;fini
35;4;Begin;2029-09-02;5;From within writer them according town beyond. Tax class treat economy project traditional person. Feel sometimes tree win if. Stock perhaps not result house executive so. Stuff physical stage job traditional.;270;87.23;bientot
36;11;Democratic East Indicate Season Experience;2020-05-06;5;Reason dinner past quality argue grow. Bed central those fill. Everything special toward despite. Fill everything education really rest spring drive.;95;86.96;fini
37;22;Sign Girl Minute;2014-04-05;7;Rule record degree fly serious base. Game future once help share reason.;395;80.2;fini
38;23;Process Everything Most Now;2022-05-21;4;Voice chair control his. Activity focus team significant most. Current sound safe tree around but feeling. Control soldier police establish us. Season tend team prepare carry rise.;362;89.07;fini
39;23;Investment Research Sell Raise Soldier Effort;2015-04-05;6;Kid family than participant. Surface great design blue become.;257;24.98;fini
40;19;Resource Commercial Large Outside Stand Speech;2015-01-11;6;Born series but response. Marriage wrong sound but industry training program likely.;85;74.06;fini
41;4;Every Meeting Meet Support;2004-03-01;2;Important where great town on wish really. Attorney table trial moment data heavy.;364;56.24;fini
42;3;Teacher Art Put Green Protect Wear;2028-11-14;3;Something gun form deal. Member buy resource system prepare music lose. Represent spring field current per key direction. Big by want second. Close society throughout democratic.;206;90.35;bientot
43;25;Down Thousand Decision Too Natural Prove;2019-08-11;6;Station friend specific ahead economic. Likely body but simply since role. Pm admit inside weight. Hospital door probably woman out agreement.;494;61.6;fini
44;26;These Pick Phone Sense;2017-08-19;4;Natural system into see improve. Pretty suffer painting account plan prepare goal these.;210;48.34;fini
45;10;Mean Could Town Treat Especially;2010-12-26;7;Bar thought determine stuff. Than off discover blood remember.;448;21.7;fini
46;11;Voice;2020-09-02;2;Quality table almost join never voice kind. Majority a determine board. Central within base cold television spring indicate treat.;198;78.55;fini
47;14;Address Determine;2016-11-19;3;Require moment of. Avoid language child husband. Reality with say ok agree agent. Hard with heart feel turn a race. Safe station force take service.;414;26.17;fini
48;16;Voice Board Listen Store Ready;2008-12-30;1;Simply director whole popular school. Area employee in address wait.;345;33.39;fini
49;10;Find Attention;2009-03-13;7;Available send candidate. Stuff security ready and teacher present. Clearly bring center your together painting audience.;397;66.97;fini
50;13;Traditional;2025-01-24;7;Painting environmental learn difference put woman tax. Because view really skill best. And national bank. Sit fast recent middle even.;178;76.84;bientot
51;20;Choice Goal Staff Effort Popular;2006-02-23;2;Teach positive those candidate practice find big. Need participant run once beautiful customer career notice. Almost pretty test real back across. Pattern situation behind medical north system.;143;91.62;fini
52;13;Current Sport History Theory Remember;2028-02-20;3;Beyond speech carry miss. Institution reveal life the head ground debate. Either across interest new. Rest dream point as catch. Value way off security set main sort.;494;35.47;bientot
53;24;Her Half Show Particular Building Nothing;2020-03-03;2;Against later military according impact start special. Building top goal.;213;20.24;fini
54;8;Worker Mention Southern;2024-11-06;5;Crime black start describe behind. Civil remember herself moment fire worry. Night use nice trade people.;172;59.28;bientot
55;13;Magazine Article Daughter Where;2028-04-03;5;Discuss fight begin. Manager time bag condition something table. Social modern network lose daughter. Improve might population senior it. Career nearly score.;60;86.35;bientot
56;18;Bad Step Outside Assume Often Laugh;2004-06-03;7;Use behavior your would. Adult cause ready other. Talk buy around pay full cold mean. Court just situation imagine maintain task seek assume.;447;42.14;fini
57;8;Full Career Know;2014-04-12;2;Fast send difference popular TV husband. Although use ask student new until. Service evening sound hard total certain head.;393;41.46;fini
58;13;Nothing Chair Order Apply Democratic Course;2026-03-19;4;While finally current white oil. Can might however week Mrs go watch hotel.;272;74.0;bientot
59;30;Process Include Same;2017-05-27;5;Teacher culture kid foreign say people page skin. Bank politics cause activity able citizen.;117;47.64;fini
60;10;Tell;2018-06-07;1;Movie risk successful. Pressure plan new trial structure nearly. Available social risk again friend moment pull lead. Sell where ready do.;385;44.48;fini
61;18;Letter Apply Group Us;2014-08-03;2;Event the mother news without. Simply hand include but state single whose. Street home in audience sport case job. Fill draw election impact four indeed. Day particularly hear relate discussion.;405;28.58;fini
62;17;Three Agency Recent;2015-03-16;4;Treat reality life tend seat such image everyone. Actually anything allow rather financial. The ago exist place word a. Method authority rise fire drug buy full.;437;57.9;fini
63;8;Say Join;2010-01-16;6;President consider spend team various. Only this good marriage. I serious this.;262;66.28;fini
64;29;Last Bad On Ask;2024-06-19;6;Use range accept maybe fall step. Road attention state long energy about green.;259;58.96;bientot
65;16;Window Measure Now Against;2016-03-12;3;Too receive picture. Have main daughter environmental benefit order. Oil issue Republican government available your.;71;70.9;fini
66;15;Water Big Whom Make;2020-09-15;5;Look quickly son. Such she color own family road score. Research rather too take may wife. Decade describe not move society. Similar concern seven talk sing marriage.;197;95.84;fini
67;12;Writer Central Free Civil Bring;2014-01-11;2;Situation structure themselves leg than rest. Their discover eye woman.;274;44.85;fini
68;24;Kid;2007-09-07;6;Story data your gun range color rich. Answer option parent meet author finally. About night agree environmental child try voice. This my town.;109;25.9;fini
69;5;Section Effect;2020-06-20;2;Avoid yeah money television. Trip bit watch. Cultural really relate control.;314;57.59;fini
70;30;Choose Wish;2030-11-26;5;Read east wear animal impact speech vote. Trade me job size available attorney subject. Ball feel operation player answer. Ago rise yes lead.;282;75.67;bientot
71;4;Different Scientist Wrong;2006-12-09;6;Baby surface citizen talk north item end current. Pretty image that television. Player official rock arm road themselves claim. House gas point others interview her which.;440;66.98;fini
72;25;Nearly Environmental Throw Six Read;2009-04-06;6;Agreement movement hour administration create industry card. Staff bring force thought pretty bad nation for. Him provide we buy. Answer these door project black staff.;111;77.92;fini
73;15;Have Our Realize Actually;2010-06-06;6;Eight discover manage reason position manager. Large method may.;483;92.74;fini
74;13;Church;2030-06-14;2;Sound out institution. Its feel bed. Whom interview three computer consumer. Operation anyone author long compare fight.;482;56.61;bientot
75;12;Imagine College;2026-08-08;5;Toward even medical. Hand hospital while guy level yes.;176;94.39;bientot
76;19;Product;2017-11-27;7;Participant quickly consider say home. Book particular impact contain compare. Indeed sound goal realize perform party. Owner season mother notice. Strong see would walk better spend strong.;376;47.88;fini
77;7;Act;2026-04-23;2;Drop personal dream investment else. Floor strategy game worker provide government. Section idea cold military finish. Although recent indicate plant north between two level.;488;35.95;bientot
78;19;Morning Deal;2023-10-09;2;Leave central find security. Thought bring enough whole. Member child south. Rock box bad citizen blood. Receive easy others happy listen adult number.;411;58.49;fini
79;1;Sense Give Mean About Wide;2017-08-11;4;We since up any five. On three look tonight win before. Discover half weight certain statement bad expert.;153;80.32;fini
80;17;Fly Left Few No;2015-07-04;2;Dinner drug police picture free. Moment hold fear particularly executive always artist throw. Available decision throughout concern from art amount. What continue site staff main look situation imagine. Official cup class discover make fire lot.;424;52.4;fini
81;9;State Down;2009-02-21;4;Art method statement issue try its. These commercial scene model middle ability. Before left deal little. Scientist shoulder week as design imagine. Well full team Mr seven character.;428;58.17;fini
82;14;Collection Air Somebody Memory Listen Put;2017-08-24;4;Attack positive year voice agree north. Can single her stand question voice any media. Others car dream agreement budget report marriage. Measure expect tend current tonight pick put. Wife wrong analysis lay mission ask.;244;76.74;fini
83;16;Special Energy Decade Significant Attention Travel;2014-12-07;2;Side cover line arrive right project. Your attention turn business name behavior. Article put actually together day lawyer. Stop song peace ahead.;210;71.47;fini
84;13;Forward Box;2026-09-13;6;Use model treat campaign personal under. Late total subject huge job suddenly commercial study.;486;35.76;bientot
85;27;Game Him;2006-06-06;2;Leave issue avoid law. Move blood wait service health.;239;95.6;fini
86;24;Reduce;2030-10-08;4;Worry tough defense area available moment significant. Full raise book environment. Move sport project morning.;362;77.31;bientot
87;30;Modern Difference Blue Weight;2021-09-10;3;Certain set fight. Social first benefit remain significant yard. Beat Mr boy. Cultural station prepare point very relationship most happen. Smile whatever know sign.;354;32.64;fini
88;13;Pay Eight Know Dark Arrive;2009-05-13;1;Remember price knowledge. Rather well us cut. Character eight health tend. Why nothing vote sense individual talk medical.;62;97.12;fini
89;23;Because Audience Many Baby;2017-09-18;3;Ok knowledge form something forget network care. Order themselves maybe seek always.;207;44.57;fini
90;11;South Instead Stop Treatment Manager Prepare;2017-01-15;6;Force medical social value collection. Single dinner then part than. Which law couple represent international born.;351;94.55;fini
91;12;Lay Pass Government;2020-12-19;5;And wall learn no interest. Should say entire point. Per trial service though simple.;242;99.76;fini
92;11;Management Center;2005-04-29;5;Plan sell reason talk person enough pattern. Affect level late of benefit skill. Owner fast later now customer.;241;33.99;fini
93;1;Five Common Health Where Address;2015-06-09;2;Eat animal while discuss. Act away sister. Bit order American return claim involve threat. Network within but fact Mr our catch.;434;84.27;fini
94;13;Statement Watch;2019-02-17;4;Available probably picture may analysis nor. Skin support able middle low fund same. Ask teacher relationship bring. Environmental memory speak.;450;32.93;fini
95;17;Area Chair Author;2005-11-24;2;Carry church next clearly. American skill other smile director.;284;40.35;fini
96;4;Indeed Her Former;2025-04-23;5;Business they its personal. Oil leg next discussion production. Concern model say business just. Consider couple detail hotel buy almost understand.;347;81.37;bientot
97;13;Nearly Data History Buy Play;2005-01-10;5;Let job table career choice all. Which between oil now hospital. Turn paper either. Consider mouth general particular. Million decision on music phone.;138;45.89;fini
98;12;Wonder;2015-04-11;7;Place list perform method across. Range miss look young law. Everyone newspaper nice window fear agency most.;206;75.64;fini
99;18;Purpose Air Where;2005-01-13;7;Right sense other could decision I air. Own condition try. Share research drug interesting student financial rule. Certain ahead especially during. Specific ready woman story save store entire.;487;65.09;fini
100;25;Away Visit Expect Case Morning;2010-09-27;7;Then good catch car end. Claim ago nice what dinner report drug.;254;77.25;fini